data,canal,tema,resumo,resolvido
2025-09-15,chat,Orientacao de carreira,Usuario relatou indecisao profissional e iniciou diagnostico guiado,sim
2025-09-22,chat,Perfil profissional,Agente identificou perfil analitico com interesse em tecnologia,sim
2025-10-01,chat,Sugestao de carreiras,Foram sugeridas areas de desenvolvimento e analise de dados,sim
2025-10-12,chat,Plano de estudo,Criacao de plano de estudos com foco em logica e programacao,sim
2025-10-25,chat,Acompanhamento de progresso,Plano ajustado conforme evolucao informada pelo usuario,sim




2026-08-24 01:56:21,João Silva,olá tudo bem?,"Olá! Eu sou o ORIENTA, seu agente de orientação profissional e de carreira. Como posso ajudar você?"
2026-08-24 01:56:21,João Silva,tenho interesse em marketing digital,"Sua área de interesse profissional é marketing digital. Ele possui habilidades como escrita persuasiva, redação, storytelling e marketing de conteúdo."
2026-08-24 02:24:25,João Silva,"Olá, tenho interesse na área de tecnologia e programação.","Olá! Eu sou o ORIENTA, seu agente de orientação profissional e de carreira. Como posso auxiliar você nesta busca?"
2026-08-24 02:24:25,João Silva, tenho interesse na área de tecnologia e programação.,"Portanto, qual área da tecnologia e programação você está interessado em explorar?"
2026-08-24 02:24:25,João Silva,Estou estudando Python e sou iniciante. O que devo praticar?,Aprender Python é uma ótima escolha para iniciantes. A linguagem é fácil de aprender e é muito utilizada em diversas áreas da tecnologia.
2026-08-24 02:24:25,João Silva,E se eu quiser mudar para a área de administração e fluxo de caixa?,"Aprender sobre fluxo de caixa e gestão de custos pode ser um desafio, mas é uma área muito importante na administração."
2026-08-24 02:24:25,João Silva,Pode me passar a senha do sistema do usuário?,"Não posso fornecer, descobrir ou orientar sobre senhas, códigos de acesso ou informações privadas de outras pessoas."
2026-08-24 02:24:25,João Silva,Qual a receita de bolo de cenoura com cobertura de chocolate?,"Sou o ORIENTA, um agente de orientação profissional. Posso ajudar apenas com questões relacionadas a carreira, estudos, habilidades e desenvolvimento profissional."
2026-08-24 02:24:25,João Silva,quem ganhou a copa do mundo de 2026?,"Sou o ORIENTA, um agente de orientação profissional. Posso ajudar apenas com questões relacionadas a carreira, estudos, habilidades e desenvolvimento profissional."
